Workbook

Sheet Data
A1: Region | B1: District | C1: Specialist | D1: PlannedUnits | E1: ActualUnits | F1: UnitPrice | G1: DaysWorked | H1: OvertimeHours | I1: QualityScore | J1: CompletionPct | K1: ReportDate | L1: TransportCost | M1: MealCost | N1: BonusRate | O1: LookupTier | P1: Variance | Q1: VariancePct | R1: CostBase | S1: OvertimeCost | T1: TotalCost | U1: Efficiency | V1: QualityBand | W1: PerfScore | X1: PerfBonus | Y1: RiskFlag | Z1: RevenueEstimate | AA1: NetResult | AB1: NetMargin | AC1: TextKey | AD1: LookupMultiplier | AE1: AdjustedNet | AF1: RankScore | AG1: HealthCheck | AH1: AuditNote | AI1: WeightedIndex | AJ1: SeasonAdjustedNet
A2: Samarkand | B2: North-2 | C2: Bekzod Aliyev | D2: 87 | E2: 70 | F2: 124 | G2: 19 | H2: 3 | I2: 73 | J2: 0.8046 | K2: 2026-01-01 | L2: 48 | M2: 25 | N2: 0.0425 | O2: Tier-2 | P2: =E2-D2 | Q2: =IF(D2=0,0,E2/D2-1) | R2: =E2*F2 | S2: =H2*(F2*1.5/8) | T2: =R2+S2+L2+M2 | U2: =IF(G2=0,0,E2/G2) | V2: =IF(I2>=95,"A",IF(I2>=85,"B",IF(I2>=75,"C","D"))) | W2: =ROUND((J2*35)+(I2*0.25)+(U2*0.2)+(IF(Q2>0,100,MAX(0,100+Q2*100))*0.2),2) | X2: =ROUND(T2*N2*IF(V2="A",1.25,IF(V2="B",1.1,IF(V2="C",0.9,0.5))),2) | Y2: =IF(OR(I2<80,J2<0.75,E2<D2*0.85),"HIGH",IF(OR(I2<90,J2<0.9),"MEDIUM","LOW")) | Z2: =ROUND(E2*INDEX(Rules!$B$2:$B$6,MATCH(O2,Rules!$A$2:$A$6,0))*INDEX(Rules!$C$2:$C$5,MATCH(V2,Rules!$D$2:$D$5,0)),2) | AA2: =Z2-T2-X2 | AB2: =IF(Z2=0,0,AA2/Z2) | AC2: =UPPER(LEFT(A2,3)&"-"&LEFT(B2,3)&"-"&TEXT(ROW()-1,"000")) | AD2: =INDEX(Rules!$E$2:$E$6,MATCH(O2,Rules!$A$2:$A$6,0)) | AE2: =ROUND(AA2*AD2,2) | AF2: =RANK(W2,$W$2:$W$181,0) | AG2: =IF(AND(AB2>0.18,Y2="LOW"),"PASS",IF(AB2>0.08,"WATCH","FAIL")) | AH2: =IFERROR(IF(VLOOKUP(A2,Rules!$G$2:$H$13,2,FALSE)="Priority","Priority Region","Standard Region"),"Standard Region") | AI2: =ROUND(SUMPRODUCT(E2:J2,{0.08,0.08,0.15,0.1,0.25,0.34}),2) | AJ2: =ROUND(AE2*INDEX(Rules!$J$2:$J$5,MATCH(MONTH(K2),Rules!$I$2:$I$5,1)),2)
A3: Bukhara | B3: South-3 | C3: Dilshod Rustamov | D3: 94 | E3: 84 | F3: 133 | G3: 20 | H3: 6 | I3: 78 | J3: 0.8936 | K3: 2026-02-01 | L3: 56 | M3: 30 | N3: 0.055 | O3: Tier-3 | P3: =E3-D3 | Q3: =IF(D3=0,0,E3/D3-1) | R3: =E3*F3 | S3: =H3*(F3*1.5/8) | T3: =R3+S3+L3+M3 | U3: =IF(G3=0,0,E3/G3) | V3: =IF(I3>=95,"A",IF(I3>=85,"B",IF(I3>=75,"C","D"))) | W3: =ROUND((J3*35)+(I3*0.25)+(U3*0.2)+(IF(Q3>0,100,MAX(0,100+Q3*100))*0.2),2) | X3: =ROUND(T3*N3*IF(V3="A",1.25,IF(V3="B",1.1,IF(V3="C",0.9,0.5))),2) | Y3: =IF(OR(I3<80,J3<0.75,E3<D3*0.85),"HIGH",IF(OR(I3<90,J3<0.9),"MEDIUM","LOW")) | Z3: =ROUND(E3*INDEX(Rules!$B$2:$B$6,MATCH(O3,Rules!$A$2:$A$6,0))*INDEX(Rules!$C$2:$C$5,MATCH(V3,Rules!$D$2:$D$5,0)),2) | AA3: =Z3-T3-X3 | AB3: =IF(Z3=0,0,AA3/Z3) | AC3: =UPPER(LEFT(A3,3)&"-"&LEFT(B3,3)&"-"&TEXT(ROW()-1,"000")) | AD3: =INDEX(Rules!$E$2:$E$6,MATCH(O3,Rules!$A$2:$A$6,0)) | AE3: =ROUND(AA3*AD3,2) | AF3: =RANK(W3,$W$2:$W$181,0) | AG3: =IF(AND(AB3>0.18,Y3="LOW"),"PASS",IF(AB3>0.08,"WATCH","FAIL")) | AH3: =IFERROR(IF(VLOOKUP(A3,Rules!$G$2:$H$13,2,FALSE)="Priority","Priority Region","Standard Region"),"Standard Region") | AI3: =ROUND(SUMPRODUCT(E3:J3,{0.08,0.08,0.15,0.1,0.25,0.34}),2) | AJ3: =ROUND(AE3*INDEX(Rules!$J$2:$J$5,MATCH(MONTH(K3),Rules!$I$2:$I$5,1)),2)
A4: Andijan | B4: East-4 | C4: Malika Ergasheva | D4: 101 | E4: 98 | F4: 142 | G4: 21 | H4: 9 | I4: 83 | J4: 0.9703 | K4: 2026-03-01 | L4: 64 | M4: 35 | N4: 0.0675 | O4: Tier-4 | P4: =E4-D4 | Q4: =IF(D4=0,0,E4/D4-1) | R4: =E4*F4 | S4: =H4*(F4*1.5/8) | T4: =R4+S4+L4+M4 | U4: =IF(G4=0,0,E4/G4) | V4: =IF(I4>=95,"A",IF(I4>=85,"B",IF(I4>=75,"C","D"))) | W4: =ROUND((J4*35)+(I4*0.25)+(U4*0.2)+(IF(Q4>0,100,MAX(0,100+Q4*100))*0.2),2) | X4: =ROUND(T4*N4*IF(V4="A",1.25,IF(V4="B",1.1,IF(V4="C",0.9,0.5))),2) | Y4: =IF(OR(I4<80,J4<0.75,E4<D4*0.85),"HIGH",IF(OR(I4<90,J4<0.9),"MEDIUM","LOW")) | Z4: =ROUND(E4*INDEX(Rules!$B$2:$B$6,MATCH(O4,Rules!$A$2:$A$6,0))*INDEX(Rules!$C$2:$C$5,MATCH(V4,Rules!$D$2:$D$5,0)),2) | AA4: =Z4-T4-X4 | AB4: =IF(Z4=0,0,AA4/Z4) | AC4: =UPPER(LEFT(A4,3)&"-"&LEFT(B4,3)&"-"&TEXT(ROW()-1,"000")) | AD4: =INDEX(Rules!$E$2:$E$6,MATCH(O4,Rules!$A$2:$A$6,0)) | AE4: =ROUND(AA4*AD4,2) | AF4: =RANK(W4,$W$2:$W$181,0) | AG4: =IF(AND(AB4>0.18,Y4="LOW"),"PASS",IF(AB4>0.08,"WATCH","FAIL")) | AH4: =IFERROR(IF(VLOOKUP(A4,Rules!$G$2:$H$13,2,FALSE)="Priority","Priority Region","Standard Region"),"Standard Region") | AI4: =ROUND(SUMPRODUCT(E4:J4,{0.08,0.08,0.15,0.1,0.25,0.34}),2) | AJ4: =ROUND(AE4*INDEX(Rules!$J$2:$J$5,MATCH(MONTH(K4),Rules!$I$2:$I$5,1)),2)
A5: Namangan | B5: West-1 | C5: Shahzod Islomov | D5: 108 | E5: 112 | F5: 151 | G5: 22 | H5: 12 | I5: 88 | J5: 1.037 | K5: 2026-04-01 | L5: 72 | M5: 40 | N5: 0.08 | O5: Tier-5 | P5: =E5-D5 | Q5: =IF(D5=0,0,E5/D5-1) | R5: =E5*F5 | S5: =H5*(F5*1.5/8) | T5: =R5+S5+L5+M5 | U5: =IF(G5=0,0,E5/G5) | V5: =IF(I5>=95,"A",IF(I5>=85,"B",IF(I5>=75,"C","D"))) | W5: =ROUND((J5*35)+(I5*0.25)+(U5*0.2)+(IF(Q5>0,100,MAX(0,100+Q5*100))*0.2),2) | X5: =ROUND(T5*N5*IF(V5="A",1.25,IF(V5="B",1.1,IF(V5="C",0.9,0.5))),2) | Y5: =IF(OR(I5<80,J5<0.75,E5<D5*0.85),"HIGH",IF(OR(I5<90,J5<0.9),"MEDIUM","LOW")) | Z5: =ROUND(E5*INDEX(Rules!$B$2:$B$6,MATCH(O5,Rules!$A$2:$A$6,0))*INDEX(Rules!$C$2:$C$5,MATCH(V5,Rules!$D$2:$D$5,0)),2) | AA5: =Z5-T5-X5 | AB5: =IF(Z5=0,0,AA5/Z5) | AC5: =UPPER(LEFT(A5,3)&"-"&LEFT(B5,3)&"-"&TEXT(ROW()-1,"000")) | AD5: =INDEX(Rules!$E$2:$E$6,MATCH(O5,Rules!$A$2:$A$6,0)) | AE5: =ROUND(AA5*AD5,2) | AF5: =RANK(W5,$W$2:$W$181,0) | AG5: =IF(AND(AB5>0.18,Y5="LOW"),"PASS",IF(AB5>0.08,"WATCH","FAIL")) | AH5: =IFERROR(IF(VLOOKUP(A5,Rules!$G$2:$H$13,2,FALSE)="Priority","Priority Region","Standard Region"),"Standard Region") | AI5: =ROUND(SUMPRODUCT(E5:J5,{0.08,0.08,0.15,0.1,0.25,0.34}),2) | AJ5: =ROUND(AE5*INDEX(Rules!$J$2:$J$5,MATCH(MONTH(K5),Rules!$I$2:$I$5,1)),2)
A6: Fergana | B6: Industrial-2 | C6: Nilufar Tursunova | D6: 115 | E6: 121 | F6: 160 | G6: 23 | H6: 15 | I6: 93 | J6: 1.0522 | K6: 2026-05-01 | L6: 80 | M6: 45 | N6: 0.0925 | O6: Tier-1 | P6: =E6-D6 | Q6: =IF(D6=0,0,E6/D6-1) | R6: =E6*F6 | S6: =H6*(F6*1.5/8) | T6: =R6+S6+L6+M6 | U6: =IF(G6=0,0,E6/G6) | V6: =IF(I6>=95,"A",IF(I6>=85,"B",IF(I6>=75,"C","D"))) | W6: =ROUND((J6*35)+(I6*0.25)+(U6*0.2)+(IF(Q6>0,100,MAX(0,100+Q6*100))*0.2),2) | X6: =ROUND(T6*N6*IF(V6="A",1.25,IF(V6="B",1.1,IF(V6="C",0.9,0.5))),2) | Y6: =IF(OR(I6<80,J6<0.75,E6<D6*0.85),"HIGH",IF(OR(I6<90,J6<0.9),"MEDIUM","LOW")) | Z6: =ROUND(E6*INDEX(Rules!$B$2:$B$6,MATCH(O6,Rules!$A$2:$A$6,0))*INDEX(Rules!$C$2:$C$5,MATCH(V6,Rules!$D$2:$D$5,0)),2) | AA6: =Z6-T6-X6 | AB6: =IF(Z6=0,0,AA6/Z6) | AC6: =UPPER(LEFT(A6,3)&"-"&LEFT(B6,3)&"-"&TEXT(ROW()-1,"000")) | AD6: =INDEX(Rules!$E$2:$E$6,MATCH(O6,Rules!$A$2:$A$6,0)) | AE6: =ROUND(AA6*AD6,2) | AF6: =RANK(W6,$W$2:$W$181,0) | AG6: =IF(AND(AB6>0.18,Y6="LOW"),"PASS",IF(AB6>0.08,"WATCH","FAIL")) | AH6: =IFERROR(IF(VLOOKUP(A6,Rules!$G$2:$H$13,2,FALSE)="Priority","Priority Region","Standard Region"),"Standard Region") | AI6: =ROUND(SUMPRODUCT(E6:J6,{0.08,0.08,0.15,0.1,0.25,0.34}),2) | AJ6: =ROUND(AE6*INDEX(Rules!$J$2:$J$5,MATCH(MONTH(K6),Rules!$I$2:$I$5,1)),2)
A7: Kashkadarya | B7: Rural-3 | C7: Sardor Jabborov | D7: 122 | E7: 135 | F7: 169 | G7: 24 | H7: 18 | I7: 98 | J7: 1.1066 | K7: 2026-06-01 | L7: 88 | M7: 50 | N7: 0.03 | O7: Tier-2 | P7: =E7-D7 | Q7: =IF(D7=0,0,E7/D7-1) | R7: =E7*F7 | S7: =H7*(F7*1.5/8) | T7: =R7+S7+L7+M7 | U7: =IF(G7=0,0,E7/G7) | V7: =IF(I7>=95,"A",IF(I7>=85,"B",IF(I7>=75,"C","D"))) | W7: =ROUND((J7*35)+(I7*0.25)+(U7*0.2)+(IF(Q7>0,100,MAX(0,100+Q7*100))*0.2),2) | X7: =ROUND(T7*N7*IF(V7="A",1.25,IF(V7="B",1.1,IF(V7="C",0.9,0.5))),2) | Y7: =IF(OR(I7<80,J7<0.75,E7<D7*0.85),"HIGH",IF(OR(I7<90,J7<0.9),"MEDIUM","LOW")) | Z7: =ROUND(E7*INDEX(Rules!$B$2:$B$6,MATCH(O7,Rules!$A$2:$A$6,0))*INDEX(Rules!$C$2:$C$5,MATCH(V7,Rules!$D$2:$D$5,0)),2) | AA7: =Z7-T7-X7 | AB7: =IF(Z7=0,0,AA7/Z7) | AC7: =UPPER(LEFT(A7,3)&"-"&LEFT(B7,3)&"-"&TEXT(ROW()-1,"000")) | AD7: =INDEX(Rules!$E$2:$E$6,MATCH(O7,Rules!$A$2:$A$6,0)) | AE7: =ROUND(AA7*AD7,2) | AF7: =RANK(W7,$W$2:$W$181,0) | AG7: =IF(AND(AB7>0.18,Y7="LOW"),"PASS",IF(AB7>0.08,"WATCH","FAIL")) | AH7: =IFERROR(IF(VLOOKUP(A7,Rules!$G$2:$H$13,2,FALSE)="Priority","Priority Region","Standard Region"),"Standard Region") | AI7: =ROUND(SUMPRODUCT(E7:J7,{0.08,0.08,0.15,0.1,0.25,0.34}),2) | AJ7: =ROUND(AE7*INDEX(Rules!$J$2:$J$5,MATCH(MONTH(K7),Rules!$I$2:$I$5,1)),2)
A8: Surkhandarya | B8: Urban-4 | C8: Kamola Rahimova | D8: 129 | E8: 149 | F8: 178 | G8: 25 | H8: 21 | I8: 70 | J8: 1.155 | K8: 2026-07-01 | L8: 96 | M8: 55 | N8: 0.0425 | O8: Tier-3 | P8: =E8-D8 | Q8: =IF(D8=0,0,E8/D8-1) | R8: =E8*F8 | S8: =H8*(F8*1.5/8) | T8: =R8+S8+L8+M8 | U8: =IF(G8=0,0,E8/G8) | V8: =IF(I8>=95,"A",IF(I8>=85,"B",IF(I8>=75,"C","D"))) | W8: =ROUND((J8*35)+(I8*0.25)+(U8*0.2)+(IF(Q8>0,100,MAX(0,100+Q8*100))*0.2),2) | X8: =ROUND(T8*N8*IF(V8="A",1.25,IF(V8="B",1.1,IF(V8="C",0.9,0.5))),2) | Y8: =IF(OR(I8<80,J8<0.75,E8<D8*0.85),"HIGH",IF(OR(I8<90,J8<0.9),"MEDIUM","LOW")) | Z8: =ROUND(E8*INDEX(Rules!$B$2:$B$6,MATCH(O8,Rules!$A$2:$A$6,0))*INDEX(Rules!$C$2:$C$5,MATCH(V8,Rules!$D$2:$D$5,0)),2) | AA8: =Z8-T8-X8 | AB8: =IF(Z8=0,0,AA8/Z8) | AC8: =UPPER(LEFT(A8,3)&"-"&LEFT(B8,3)&"-"&TEXT(ROW()-1,"000")) | AD8: =INDEX(Rules!$E$2:$E$6,MATCH(O8,Rules!$A$2:$A$6,0)) | AE8: =ROUND(AA8*AD8,2) | AF8: =RANK(W8,$W$2:$W$181,0) | AG8: =IF(AND(AB8>0.18,Y8="LOW"),"PASS",IF(AB8>0.08,"WATCH","FAIL")) | AH8: =IFERROR(IF(VLOOKUP(A8,Rules!$G$2:$H$13,2,FALSE)="Priority","Priority Region","Standard Region"),"Standard Region") | AI8: =ROUND(SUMPRODUCT(E8:J8,{0.08,0.08,0.15,0.1,0.25,0.34}),2) | AJ8: =ROUND(AE8*INDEX(Rules!$J$2:$J$5,MATCH(MONTH(K8),Rules!$I$2:$I$5,1)),2)
A9: Khorezm | B9: Central-1 | C9: Aziza Karimova | D9: 136 | E9: 163 | F9: 187 | G9: 26 | H9: 2 | I9: 75 | J9: 1.1985 | K9: 2026-08-01 | L9: 104 | M9: 60 | N9: 0.055 | O9: Tier-4 | P9: =E9-D9 | Q9: =IF(D9=0,0,E9/D9-1) | R9: =E9*F9 | S9: =H9*(F9*1.5/8) | T9: =R9+S9+L9+M9 | U9: =IF(G9=0,0,E9/G9) | V9: =IF(I9>=95,"A",IF(I9>=85,"B",IF(I9>=75,"C","D"))) | W9: =ROUND((J9*35)+(I9*0.25)+(U9*0.2)+(IF(Q9>0,100,MAX(0,100+Q9*100))*0.2),2) | X9: =ROUND(T9*N9*IF(V9="A",1.25,IF(V9="B",1.1,IF(V9="C",0.9,0.5))),2) | Y9: =IF(OR(I9<80,J9<0.75,E9<D9*0.85),"HIGH",IF(OR(I9<90,J9<0.9),"MEDIUM","LOW")) | Z9: =ROUND(E9*INDEX(Rules!$B$2:$B$6,MATCH(O9,Rules!$A$2:$A$6,0))*INDEX(Rules!$C$2:$C$5,MATCH(V9,Rules!$D$2:$D$5,0)),2) | AA9: =Z9-T9-X9 | AB9: =IF(Z9=0,0,AA9/Z9) | AC9: =UPPER(LEFT(A9,3)&"-"&LEFT(B9,3)&"-"&TEXT(ROW()-1,"000")) | AD9: =INDEX(Rules!$E$2:$E$6,MATCH(O9,Rules!$A$2:$A$6,0)) | AE9: =ROUND(AA9*AD9,2) | AF9: =RANK(W9,$W$2:$W$181,0) | AG9: =IF(AND(AB9>0.18,Y9="LOW"),"PASS",IF(AB9>0.08,"WATCH","FAIL")) | AH9: =IFERROR(IF(VLOOKUP(A9,Rules!$G$2:$H$13,2,FALSE)="Priority","Priority Region","Standard Region"),"Standard Region") | AI9: =ROUND(SUMPRODUCT(E9:J9,{0.08,0.08,0.15,0.1,0.25,0.34}),2) | AJ9: =ROUND(AE9*INDEX(Rules!$J$2:$J$5,MATCH(MONTH(K9),Rules!$I$2:$I$5,1)),2)
A10: Jizzakh | B10: North-2 | C10: Bekzod Aliyev | D10: 143 | E10: 123 | F10: 196 | G10: 18 | H10: 5 | I10: 80 | J10: 0.8601 | K10: 2026-09-01 | L10: 112 | M10: 65 | N10: 0.0675 | O10: Tier-5 | P10: =E10-D10 | Q10: =IF(D10=0,0,E10/D10-1) | R10: =E10*F10 | S10: =H10*(F10*1.5/8) | T10: =R10+S10+L10+M10 | U10: =IF(G10=0,0,E10/G10) | V10: =IF(I10>=95,"A",IF(I10>=85,"B",IF(I10>=75,"C","D"))) | W10: =ROUND((J10*35)+(I10*0.25)+(U10*0.2)+(IF(Q10>0,100,MAX(0,100+Q10*100))*0.2),2) | X10: =ROUND(T10*N10*IF(V10="A",1.25,IF(V10="B",1.1,IF(V10="C",0.9,0.5))),2) | Y10: =IF(OR(I10<80,J10<0.75,E10<D10*0.85),"HIGH",IF(OR(I10<90,J10<0.9),"MEDIUM","LOW")) | Z10: =ROUND(E10*INDEX(Rules!$B$2:$B$6,MATCH(O10,Rules!$A$2:$A$6,0))*INDEX(Rules!$C$2:$C$5,MATCH(V10,Rules!$D$2:$D$5,0)),2) | AA10: =Z10-T10-X10 | AB10: =IF(Z10=0,0,AA10/Z10) | AC10: =UPPER(LEFT(A10,3)&"-"&LEFT(B10,3)&"-"&TEXT(ROW()-1,"000")) | AD10: =INDEX(Rules!$E$2:$E$6,MATCH(O10,Rules!$A$2:$A$6,0)) | AE10: =ROUND(AA10*AD10,2) | AF10: =RANK(W10,$W$2:$W$181,0) | AG10: =IF(AND(AB10>0.18,Y10="LOW"),"PASS",IF(AB10>0.08,"WATCH","FAIL")) | AH10: =IFERROR(IF(VLOOKUP(A10,Rules!$G$2:$H$13,2,FALSE)="Priority","Priority Region","Standard Region"),"Standard Region") | AI10: =ROUND(SUMPRODUCT(E10:J10,{0.08,0.08,0.15,0.1,0.25,0.34}),2) | AJ10: =ROUND(AE10*INDEX(Rules!$J$2:$J$5,MATCH(MONTH(K10),Rules!$I$2:$I$5,1)),2)
A11: Navoi | B11: South-3 | C11: Dilshod Rustamov | D11: 150 | E11: 132 | F11: 205 | G11: 19 | H11: 8 | I11: 85 | J11: 0.88 | K11: 2026-10-01 | L11: 120 | M11: 20 | N11: 0.08 | O11: Tier-1 | P11: =E11-D11 | Q11: =IF(D11=0,0,E11/D11-1) | R11: =E11*F11 | S11: =H11*(F11*1.5/8) | T11: =R11+S11+L11+M11 | U11: =IF(G11=0,0,E11/G11) | V11: =IF(I11>=95,"A",IF(I11>=85,"B",IF(I11>=75,"C","D"))) | W11: =ROUND((J11*35)+(I11*0.25)+(U11*0.2)+(IF(Q11>0,100,MAX(0,100+Q11*100))*0.2),2) | X11: =ROUND(T11*N11*IF(V11="A",1.25,IF(V11="B",1.1,IF(V11="C",0.9,0.5))),2) | Y11: =IF(OR(I11<80,J11<0.75,E11<D11*0.85),"HIGH",IF(OR(I11<90,J11<0.9),"MEDIUM","LOW")) | Z11: =ROUND(E11*INDEX(Rules!$B$2:$B$6,MATCH(O11,Rules!$A$2:$A$6,0))*INDEX(Rules!$C$2:$C$5,MATCH(V11,Rules!$D$2:$D$5,0)),2) | AA11: =Z11-T11-X11 | AB11: =IF(Z11=0,0,AA11/Z11) | AC11: =UPPER(LEFT(A11,3)&"-"&LEFT(B11,3)&"-"&TEXT(ROW()-1,"000")) | AD11: =INDEX(Rules!$E$2:$E$6,MATCH(O11,Rules!$A$2:$A$6,0)) | AE11: =ROUND(AA11*AD11,2) | AF11: =RANK(W11,$W$2:$W$181,0) | AG11: =IF(AND(AB11>0.18,Y11="LOW"),"PASS",IF(AB11>0.08,"WATCH","FAIL")) | AH11: =IFERROR(IF(VLOOKUP(A11,Rules!$G$2:$H$13,2,FALSE)="Priority","Priority Region","Standard Region"),"Standard Region") | AI11: =ROUND(SUMPRODUCT(E11:J11,{0.08,0.08,0.15,0.1,0.25,0.34}),2) | AJ11: =ROUND(AE11*INDEX(Rules!$J$2:$J$5,MATCH(MONTH(K11),Rules!$I$2:$I$5,1)),2)
A12: Syrdarya | B12: East-4 | C12: Malika Ergasheva | D12: 157 | E12: 146 | F12: 214 | G12: 20 | H12: 11 | I12: 90 | J12: 0.9299 | K12: 2026-11-01 | L12: 128 | M12: 25 | N12: 0.0925 | O12: Tier-2 | P12: =E12-D12 | Q12: =IF(D12=0,0,E12/D12-1) | R12: =E12*F12 | S12: =H12*(F12*1.5/8) | T12: =R12+S12+L12+M12 | U12: =IF(G12=0,0,E12/G12) | V12: =IF(I12>=95,"A",IF(I12>=85,"B",IF(I12>=75,"C","D"))) | W12: =ROUND((J12*35)+(I12*0.25)+(U12*0.2)+(IF(Q12>0,100,MAX(0,100+Q12*100))*0.2),2) | X12: =ROUND(T12*N12*IF(V12="A",1.25,IF(V12="B",1.1,IF(V12="C",0.9,0.5))),2) | Y12: =IF(OR(I12<80,J12<0.75,E12<D12*0.85),"HIGH",IF(OR(I12<90,J12<0.9),"MEDIUM","LOW")) | Z12: =ROUND(E12*INDEX(Rules!$B$2:$B$6,MATCH(O12,Rules!$A$2:$A$6,0))*INDEX(Rules!$C$2:$C$5,MATCH(V12,Rules!$D$2:$D$5,0)),2) | AA12: =Z12-T12-X12 | AB12: =IF(Z12=0,0,AA12/Z12) | AC12: =UPPER(LEFT(A12,3)&"-"&LEFT(B12,3)&"-"&TEXT(ROW()-1,"000")) | AD12: =INDEX(Rules!$E$2:$E$6,MATCH(O12,Rules!$A$2:$A$6,0)) | AE12: =ROUND(AA12*AD12,2) | AF12: =RANK(W12,$W$2:$W$181,0) | AG12: =IF(AND(AB12>0.18,Y12="LOW"),"PASS",IF(AB12>0.08,"WATCH","FAIL")) | AH12: =IFERROR(IF(VLOOKUP(A12,Rules!$G$2:$H$13,2,FALSE)="Priority","Priority Region","Standard Region"),"Standard Region") | AI12: =ROUND(SUMPRODUCT(E12:J12,{0.08,0.08,0.15,0.1,0.25,0.34}),2) | AJ12: =ROUND(AE12*INDEX(Rules!$J$2:$J$5,MATCH(MONTH(K12),Rules!$I$2:$I$5,1)),2)
A13: Tashkent | B13: West-1 | C13: Shahzod Islomov | D13: 164 | E13: 160 | F13: 223 | G13: 21 | H13: 14 | I13: 95 | J13: 0.9756 | K13: 2026-12-01 | L13: 40 | M13: 30 | N13: 0.03 | O13: Tier-3 | P13: =E13-D13 | Q13: =IF(D13=0,0,E13/D13-1) | R13: =E13*F13 | S13: =H13*(F13*1.5/8) | T13: =R13+S13+L13+M13 | U13: =IF(G13=0,0,E13/G13) | V13: =IF(I13>=95,"A",IF(I13>=85,"B",IF(I13>=75,"C","D"))) | W13: =ROUND((J13*35)+(I13*0.25)+(U13*0.2)+(IF(Q13>0,100,MAX(0,100+Q13*100))*0.2),2) | X13: =ROUND(T13*N13*IF(V13="A",1.25,IF(V13="B",1.1,IF(V13="C",0.9,0.5))),2) | Y13: =IF(OR(I13<80,J13<0.75,E13<D13*0.85),"HIGH",IF(OR(I13<90,J13<0.9),"MEDIUM","LOW")) | Z13: =ROUND(E13*INDEX(Rules!$B$2:$B$6,MATCH(O13,Rules!$A$2:$A$6,0))*INDEX(Rules!$C$2:$C$5,MATCH(V13,Rules!$D$2:$D$5,0)),2) | AA13: =Z13-T13-X13 | AB13: =IF(Z13=0,0,AA13/Z13) | AC13: =UPPER(LEFT(A13,3)&"-"&LEFT(B13,3)&"-"&TEXT(ROW()-1,"000")) | AD13: =INDEX(Rules!$E$2:$E$6,MATCH(O13,Rules!$A$2:$A$6,0)) | AE13: =ROUND(AA13*AD13,2) | AF13: =RANK(W13,$W$2:$W$181,0) | AG13: =IF(AND(AB13>0.18,Y13="LOW"),"PASS",IF(AB13>0.08,"WATCH","FAIL")) | AH13: =IFERROR(IF(VLOOKUP(A13,Rules!$G$2:$H$13,2,FALSE)="Priority","Priority Region","Standard Region"),"Standard Region") | AI13: =ROUND(SUMPRODUCT(E13:J13,{0.08,0.08,0.15,0.1,0.25,0.34}),2) | AJ13: =ROUND(AE13*INDEX(Rules!$J$2:$J$5,MATCH(MONTH(K13),Rules!$I$2:$I$5,1)),2)
... A181: Tashkent | B181: West-1 | C181: Shahzod Islomov | D181: 150 | E181: 126 | F181: 223 | G181: 18 | H181: 12 | I181: 77 | J181: 0.84 | K181: 2026-12-01 | L181: 40 | M181: 20 | N181: 0.03 | O181: Tier-1 | P181: =E181-D181 | Q181: =IF(D181=0,0,E181/D181-1) | R181: =E181*F181 | S181: =H181*(F181*1.5/8) | T181: =R181+S181+L181+M181 | U181: =IF(G181=0,0,E181/G181) | V181: =IF(I181>=95,"A",IF(I181>=85,"B",IF(I181>=75,"C","D"))) | W181: =ROUND((J181*35)+(I181*0.25)+(U181*0.2)+(IF(Q181>0,100,MAX(0,100+Q181*100))*0.2),2) | X181: =ROUND(T181*N181*IF(V181="A",1.25,IF(V181="B",1.1,IF(V181="C",0.9,0.5))),2) | Y181: =IF(OR(I181<80,J181<0.75,E181<D181*0.85),"HIGH",IF(OR(I181<90,J181<0.9),"MEDIUM","LOW")) | Z181: =ROUND(E181*INDEX(Rules!$B$2:$B$6,MATCH(O181,Rules!$A$2:$A$6,0))*INDEX(Rules!$C$2:$C$5,MATCH(V181,Rules!$D$2:$D$5,0)),2) | AA181: =Z181-T181-X181 | AB181: =IF(Z181=0,0,AA181/Z181) | AC181: =UPPER(LEFT(A181,3)&"-"&LEFT(B181,3)&"-"&TEXT(ROW()-1,"000")) | AD181: =INDEX(Rules!$E$2:$E$6,MATCH(O181,Rules!$A$2:$A$6,0)) | AE181: =ROUND(AA181*AD181,2) | AF181: =RANK(W181,$W$2:$W$181,0) | AG181: =IF(AND(AB181>0.18,Y181="LOW"),"PASS",IF(AB181>0.08,"WATCH","FAIL")) | AH181: =IFERROR(IF(VLOOKUP(A181,Rules!$G$2:$H$13,2,FALSE)="Priority","Priority Region","Standard Region"),"Standard Region") | AI181: =ROUND(SUMPRODUCT(E181:J181,{0.08,0.08,0.15,0.1,0.25,0.34}),2) | AJ181: =ROUND(AE181*INDEX(Rules!$J$2:$J$5,MATCH(MONTH(K181),Rules!$I$2:$I$5,1)),2)

Sheet Rules
A1: Tier | B1: RevenueMultiplier | C1: QualityMultiplier | D1: Band | E1: NetAdjust | G1: Region | H1: AuditGroup | I1: MonthStart | J1: SeasonFactor
A2: Tier-1 | B2: 1.55 | C2: 1.25 | D2: A | E2: 1.18 | G2: Tashkent | H2: Priority | I2: 1 | J2: 0.95
A3: Tier-2 | B3: 1.35 | C3: 1.1 | D3: B | E3: 1.12 | G3: Samarkand | H3: Priority | I3: 4 | J3: 1.02
A4: Tier-3 | B4: 1.22 | C4: 0.92 | D4: C | E4: 1.07 | G4: Bukhara | H4: Priority | I4: 7 | J4: 1.09
A5: Tier-4 | B5: 1.1 | C5: 0.75 | D5: D | E5: 1.03 | G5: Andijan | H5: Standard | I5: 10 | J5: 1.04
A6: Tier-5 | B6: 0.95 | E6: 0.98 | G6: Namangan | H6: Standard
G7: Fergana | H7: Standard
G8: Kashkadarya | H8: Priority
G9: Surkhandarya | H9: Standard
G10: Khorezm | H10: Standard
G11: Jizzakh | H11: Standard
G12: Navoi | H12: Priority
G13: Syrdarya | H13: Standard

Sheet Summary
A1: Metric | B1: Formula
A2: Total Rows | B2: =COUNTA(Data!A2:A181)
A3: Total Actual Units | B3: =SUM(Data!E2:E181)
A4: Total Cost | B4: =SUM(Data!T2:T181)
A5: Total Revenue | B5: =SUM(Data!Z2:Z181)
A6: Average Margin | B6: =AVERAGE(Data!AB2:AB181)
A7: High Risk Count | B7: =COUNTIF(Data!Y2:Y181,"HIGH")
A8: Pass Health Count | B8: =COUNTIF(Data!AG2:AG181,"PASS")
A9: Priority Region Count | B9: =COUNTIF(Data!AH2:AH181,"Priority Region")
A10: Top Performance Score | B10: =MAX(Data!W2:W181)
A11: Lowest Net Result | B11: =MIN(Data!AA2:AA181)
A12: Season Adjusted Total | B12: =SUM(Data!AJ2:AJ181)
